kd,J,is_secretory_kd,is_neg_ctrl,is_ribo_kd
AAAS,0.020205292850732803,False,False,False
AAMP,0.02097387984395027,False,False,False
AAR2,0.03707162290811539,False,False,False
AARS,0.017727922648191452,False,False,False
AARS2,0.016332658007740974,False,False,False
AASDHPPT,0.01437835767865181,False,False,False
AATF,0.02583640068769455,False,False,False
ABCB10,0.018926287069916725,False,False,False
ABCB7,0.020378567278385162,False,False,False
ABCE1,0.023056380450725555,False,False,False
ABHD11,0.014756247401237488,False,False,False
ABHD17A,0.022478945553302765,False,False,False
ABT1,0.025994911789894104,False,False,False
AC118549.1,0.0195405762642622,False,False,False
ACD,0.008641175925731659,False,False,False
ACSS2,0.014623263850808144,False,False,False
ACTB,0.04875301569700241,False,False,False
ACTL6A,0.013245533220469952,False,False,False
ACTR10,0.01519786100834608,False,False,False
ACTR1B,0.01830914616584778,False,False,False
ACTR2,0.01752573996782303,False,False,False
ACTR5,0.03482581302523613,False,False,False
ACTR6,0.021497465670108795,False,False,False
ACTR8,0.015948113054037094,False,False,False
ADAM10,0.023859903216362,False,False,False
ADAT2,0.016728904098272324,False,False,False
ADNP2,0.012949444353580475,False,False,False
ADRM1,0.02494886703789234,False,False,False
ADSL,0.019521165639162064,False,False,False
AFG3L2,0.017714379355311394,False,False,False
AGBL5,0.027576763182878494,False,False,False
AHCTF1,0.023133553564548492,False,False,False
AHCY,0.021731406450271606,False,False,False
AIFM1,0.013718818314373493,False,False,False
AKIRIN2,0.022648882120847702,False,False,False
ALDOA,0.024140045046806335,False,False,False
ALG1,0.02031942829489708,False,False,False
ALG11,0.023651961237192154,False,False,False
ALG13,0.006732378154993057,False,False,False
ALG14,0.020899785682559013,False,False,False
ALG2,0.0304996557533741,False,False,False
ANAPC1,0.030432483181357384,False,False,False
ANAPC10,0.01840677112340927,False,False,False
ANAPC11,0.019908377900719643,False,False,False
ANAPC13,0.019583772867918015,False,False,False
ANAPC4,0.029488060623407364,False,False,False
ANAPC5,0.027924131602048874,False,False,False
ANKLE2,0.011263920925557613,False,False,False
ANKRD11,0.012758340686559677,False,False,False
ANKRD39,0.021081620827317238,False,False,False
ANKRD49,0.021863043308258057,False,False,False
ANKS6,0.02146860770881176,False,False,False
ANLN,0.010494953021407127,False,False,False
AP2A1,0.030711382627487183,False,False,False
AP2M1,0.015490077435970306,False,False,False
AP2S1,0.023656468838453293,False,False,False
AQR,0.014712163247168064,False,False,False
ARF4,0.007706723641604185,False,False,False
ARFRP1,0.021915648132562637,False,False,False
ARGLU1,0.020729906857013702,False,False,False
ARID3A,0.023402798920869827,False,False,False
ARID5B,0.01911703310906887,False,False,False
ARIH1,0.017982784658670425,False,False,False
ARL2,0.019156385213136673,False,False,False
ARL4D,0.02055365964770317,False,False,False
ARL6IP6,0.019265661016106606,False,False,False
ARMC6,0.01973525434732437,False,False,False
ARMC7,0.016232822090387344,False,False,False
ARPC1B,0.015770206227898598,False,False,False
ARPC4,0.0365840308368206,False,False,False
ASCC3,0.01953369565308094,False,False,False
ASF1B,0.017757151275873184,False,False,False
ATF4,0.0182634424418211,False,False,False
ATF5,0.0,False,False,False
ATIC,0.012173034250736237,False,False,False
ATL2,0.06690160930156708,False,False,False
ATP11B,0.026387784630060196,False,False,False
ATP1A1,0.02053224854171276,False,False,False
ATP2A2,0.030722949653863907,False,False,False
ATP5F1A,0.015085859224200249,False,False,False
ATP5F1B,0.021741414442658424,False,False,False
ATP5F1C,0.014071897603571415,False,False,False
ATP5MD,0.026978226378560066,False,False,False
ATP5ME,0.015416882000863552,False,False,False
ATP5MF,0.02109074965119362,False,False,False
ATP5PD,0.023912908509373665,False,False,False
ATP5PO,0.016807086765766144,False,False,False
ATP6AP1,0.017057253047823906,False,False,False
ATP6AP2,0.021861348301172256,False,False,False
ATP6V0B,0.014227795414626598,False,False,False
ATP6V0C,0.008299043402075768,False,False,False
ATP6V0D1,0.01650548167526722,False,False,False
ATP6V1A,0.012545892968773842,False,False,False
ATP6V1B2,0.012064301408827305,False,False,False
ATP6V1C1,0.009778706356883049,False,False,False
ATP6V1D,0.013816449791193008,False,False,False
ATP6V1E1,0.008033301681280136,False,False,False
ATP6V1F,0.00939518678933382,False,False,False
ATP6V1G1,0.006548510864377022,False,False,False
ATP6V1H,-0.001249509397894144,False,False,False
ATR,0.032819606363773346,False,False,False
ATRIP,0.03421218693256378,False,False,False
ATXN10,0.01889416202902794,False,False,False
AURKA,0.014010479673743248,False,False,False
AURKAIP1,0.04227859899401665,False,False,False
BAG6,0.02720113843679428,False,False,False
BANF1,0.02766009233891964,False,False,False
BANP,0.030172361060976982,False,False,False
BAP1,0.018411803990602493,False,False,False
BARD1,0.02238476276397705,False,False,False
BCAS2,0.017226390540599823,False,False,False
BCL2L1,0.016813850030303,False,False,False
BCLAF1,0.02014504186809063,False,False,False
BCR,0.015678247436881065,False,False,False
BCS1L,0.024611452594399452,False,False,False
BDP1,0.030640533193945885,False,False,False
BET1,0.02062574401497841,False,False,False
BMP2K,0.025339275598526,False,False,False
BMS1,0.022847861051559448,False,False,False
BNIP1,0.017768656834959984,False,False,False
BOD1L1,0.02300887182354927,False,False,False
BORA,0.017802415415644646,False,False,False
BPTF,0.021463992074131966,False,False,False
BRCA1,0.030050242319703102,False,True,False
BRCA2,0.02666034922003746,False,False,False
BRD2,0.019851060584187508,False,False,False
BRD8,0.012562861666083336,False,False,False
BRF1,0.01757640764117241,False,False,False
BRF2,0.013540015555918217,False,False,False
BRIP1,0.020180799067020416,False,False,False
BRIX1,0.02066866308450699,False,False,False
BRK1,0.0033208802342414856,False,False,False
BTAF1,0.020852956920862198,False,False,False
BTF3,0.03383100777864456,False,False,False
BTF3L4,0.02003239095211029,False,False,False
BUB1,0.028782770037651062,False,False,False
BUB1B,0.026240207254886627,False,False,False
BUB3,0.020718999207019806,False,False,False
BUD13,0.025064457207918167,False,False,False
BUD31,0.02199413813650608,False,False,False
BYSL,0.02161918208003044,False,False,False
C12orf45,0.028046580031514168,False,False,False
C17orf58,0.02205284684896469,False,False,False
C18orf21,0.025514669716358185,False,False,False
C19orf25,0.02624657191336155,False,False,False
C19orf53,0.014230147935450077,False,False,False
C1D,0.02305109240114689,False,False,False
C1QBP,0.028291650116443634,False,False,False
C1orf131,0.026598582044243813,False,False,False
C5orf30,0.01996193453669548,False,False,False
C7orf26,0.017973527312278748,False,False,False
C7orf50,0.018014170229434967,False,False,False
C9orf16,0.025141149759292603,False,False,False
C9orf78,0.014441457577049732,False,False,False
CA5A,0.014961617067456245,False,False,False
CABIN1,0.01773953065276146,False,False,False
CACTIN,0.011972727254033089,False,False,False
CAD,0.01615901291370392,False,False,False
CADM4,0.016245203092694283,False,False,False
CALR,0.018429502844810486,False,False,False
CAMLG,0.017127910628914833,False,False,False
CAP1,0.02591012418270111,False,False,False
CAPZB,0.04936974123120308,False,False,False
CARF,0.01901073567569256,False,False,False
CARS,0.01686152070760727,False,False,False
CASC3,0.012985327281057835,False,False,False
CASP8AP2,0.01420559175312519,False,False,False
CAST,0.02079053968191147,False,False,False
CBLL1,0.011427664197981358,False,False,False
CBX1,0.019908834248781204,False,False,False
CCAR1,0.020242908969521523,False,False,False
CCDC115,0.02123192511498928,False,False,False
CCDC137,0.02392168715596199,False,False,False
CCDC174,0.017731480300426483,False,False,False
CCDC59,0.026003830134868622,False,False,False
CCDC6,0.018063141033053398,False,False,False
CCDC84,0.016383199021220207,False,False,False
CCDC86,0.020404264330863953,False,False,False
CCNB1,0.018057415261864662,False,False,False
CCNC,0.026285920292139053,False,False,False
CCND3,0.022607550024986267,False,False,False
CCNH,0.02349536493420601,False,False,False
CCNL1,0.04976961016654968,False,False,False
CCNQ,0.014530333690345287,False,False,False
CCP110,0.016989130526781082,False,False,False
CCT2,0.008637888357043266,False,False,False
CCT3,0.01367519237101078,False,False,False
CCT4,0.015473229810595512,False,False,False
CCT5,0.02000746876001358,False,False,False
CCT6A,0.0010005391668528318,False,False,False
CCT7,0.003083938267081976,False,False,False
CCT8,0.03367896005511284,False,False,False
CD2BP2,0.016308683902025223,False,False,False
CD3EAP,0.019372060894966125,False,False,False
CDC123,0.016599973663687706,False,False,False
CDC16,0.03142034634947777,False,False,False
CDC20,0.019949862733483315,False,False,False
CDC23,0.035884663462638855,False,False,False
CDC26,0.03058549016714096,False,False,False
CDC27,0.020063018426299095,False,False,False
CDC42,0.024692177772521973,False,False,False
CDC45,0.02360849268734455,False,False,False
CDC5L,0.019498709589242935,False,False,False
CDC6,0.03799509257078171,False,False,False
CDC7,0.022442443296313286,False,False,False
CDC73,0.017617322504520416,False,False,False
CDCA5,0.04057503491640091,False,False,False
CDIPT,0.016745667904615402,False,False,False
CDK1,0.026811668649315834,False,False,False
CDK12,0.013842564076185226,False,False,False
CDK2,0.020922847092151642,False,False,False
CDK9,0.017712261527776718,False,False,False
CDT1,0.04392559081315994,False,False,False
CEBPZ,0.018206536769866943,False,False,False
CENPC,0.03741045668721199,False,False,False
CENPE,0.021780306473374367,False,False,False
CENPH,0.01176148559898138,False,False,False
CENPJ,0.017382511869072914,False,False,False
CENPK,0.03532997891306877,False,False,False
CENPN,0.026146089658141136,False,False,False
CENPP,0.02051018550992012,False,False,False
CENPT,0.02059374377131462,False,False,False
CENPW,0.023265326395630836,False,False,False
CEP152,0.011306547559797764,False,False,False
CEP192,0.01831069588661194,False,False,False
CEP68,0.02130456268787384,False,False,False
CEP85,0.014658556319773197,False,False,False
CEP97,0.017888855189085007,False,False,False
CFL1,0.022143375128507614,False,False,False
CHAF1A,0.016585929319262505,False,False,False
CHAF1B,0.01533479057252407,False,False,False
CHCHD1,0.018281547352671623,False,False,False
CHCHD2,0.021923772990703583,False,False,False
CHCHD3,0.013006607070565224,False,False,False
CHCHD4,0.01631947234272957,False,False,False
CHD4,0.013017462566494942,False,False,False
CHEK1,0.04626324772834778,False,True,False
CHERP,0.01997932232916355,False,False,False
CHMP1A,0.02500217966735363,False,False,False
CHMP3,0.02660081721842289,False,False,False
CHMP4B,0.015173178166151047,False,False,False
CHMP5,0.019044632092118263,False,False,False
CHMP6,0.025004317983984947,False,False,False
CHMP7,0.011451181024312973,False,False,False
CHORDC1,0.019607745110988617,False,False,False
CHTF18,0.019278140738606453,False,False,False
CHTOP,0.02152695134282112,False,False,False
CIAO1,0.023719724267721176,False,False,False
CIAPIN1,0.022341493517160416,False,False,False
CINP,0.02454238012433052,False,False,False
CLASRP,0.014982865191996098,False,False,False
CLCC1,0.022575344890356064,False,False,False
CLK2,0.01862807385623455,False,False,False
CLNS1A,0.020118214190006256,False,False,False
CLOCK,0.015884442254900932,False,False,False
CLP1,0.01672869548201561,False,False,False
CLPB,0.020087361335754395,False,False,False
CLTC,0.03330144286155701,False,False,False
CMC4,0.016793426126241684,False,False,False
CMPK1,0.01670711115002632,False,False,False
CMTR1,0.02381102181971073,False,False,False
CMTR2,0.02557605504989624,False,False,False
CNIH4,0.01526438258588314,False,False,False
CNN2,0.021891754120588303,False,False,False
CNOT1,0.020412161946296692,False,False,False
CNOT10,0.025800837203860283,False,False,False
CNOT11,0.027448099106550217,False,False,False
CNOT2,0.021150708198547363,False,False,False
CNOT3,0.021684296429157257,False,False,False
CNOT9,0.023257337510585785,False,False,False
COA5,0.012238072231411934,False,False,False
COASY,0.014648834243416786,False,False,False
COG1,-0.0024559181183576584,False,False,False
COG2,0.02051185443997383,False,False,False
COG3,0.031086813658475876,False,False,False
COG4,0.014663264155387878,False,False,False
COG6,0.019306134432554245,False,False,False
COMTD1,0.016669031232595444,False,False,False
COPE,0.028604108840227127,False,False,False
COPS2,0.018762433901429176,False,False,False
COPS3,0.020367348566651344,False,False,False
COPS4,0.01819733716547489,False,False,False
COPS5,0.010247016325592995,False,False,False
COPS6,0.01788271777331829,False,False,False
COPS8,0.03220755606889725,False,False,False
COQ2,0.017485780641436577,False,False,False
COQ4,0.01634572073817253,False,False,False
COQ5,0.02168167755007744,False,False,False
COTL1,0.02214815653860569,False,False,False
COX10,0.019531751051545143,False,False,False
COX11,0.029872329905629158,False,False,False
COX15,0.025074856355786324,False,False,False
COX17,0.01259814016520977,False,False,False
COX5A,0.019329970702528954,False,False,False
COX5B,0.01888803020119667,False,False,False
COX6C,0.015466498211026192,False,False,False
COX7B,0.01287069171667099,False,False,False
COX7C,0.018478505313396454,False,False,False
CPNE1,0.04426731914281845,False,False,False
CPNE7,0.027773505076766014,False,False,False
CPOX,0.020046241581439972,False,False,False
CPSF1,0.01783643662929535,False,False,False
CPSF3,0.019268682226538658,False,False,False
CPSF4,0.019615856930613518,False,False,False
CPSF6,0.01991382986307144,False,False,False
CRCP,0.01627100259065628,False,False,False
CRKL,0.010875875130295753,False,False,False
CRLS1,0.016650298610329628,False,False,False
CS,0.014707650989294052,False,False,False
CSDE1,0.017420638352632523,False,False,False
CSE1L,0.024581046774983406,False,False,False
CSNK1A1,0.023957055062055588,False,False,False
CSNK2B,0.01881060004234314,False,False,False
CSTF1,0.007522951811552048,False,False,False
CSTF3,0.019842954352498055,False,False,False
CTCF,0.013584992848336697,False,False,False
CTDP1,0.014689930714666843,False,False,False
CTNNBL1,0.039405375719070435,False,False,False
CTR9,0.02498186007142067,False,False,False
CTU2,0.016653481870889664,False,False,False
CUL1,0.022113503888249397,False,False,False
CUL2,0.016973650082945824,False,False,False
CUL3,0.018341626971960068,False,False,False
CUL7,0.024253349751234055,False,False,False
CWC15,0.016748573631048203,False,False,False
CWC22,0.02143746428191662,False,False,False
CWC25,0.011973966844379902,False,False,False
CWF19L2,0.0123174749314785,False,False,False
CXXC1,0.02239220403134823,False,False,False
CYC1,0.028049567714333534,False,False,False
CYCS,0.015994012355804443,False,False,False
CYFIP1,0.024870436638593674,False,False,False
CYREN,0.015042309649288654,False,False,False
DAD1,0.02689872309565544,False,False,False
DAP3,0.020596619695425034,False,False,False
DARS,0.01313446182757616,False,False,False
DAXX,0.019187357276678085,False,False,False
DBF4,0.017870524898171425,False,False,False
DBR1,0.027432098984718323,False,False,False
DCAF6,0.015132203698158264,False,False,False
DCLRE1B,0.016798436641693115,False,False,False
DCTN1,0.02282799780368805,False,False,False
DCTN2,0.021899769082665443,False,False,False
DCTN3,0.01580052077770233,False,False,False
DCTN4,0.0163690485060215,False,False,False
DCTN5,0.006734018214046955,False,False,False
DCTN6,0.029922429472208023,False,False,False
DCUN1D5,0.01465030200779438,False,False,False
DDOST,0.02603912726044655,False,False,False
DDX1,0.01683812215924263,False,False,False
DDX10,0.027786917984485626,False,False,False
DDX11,0.01607319712638855,False,False,False
DDX17,0.014592333696782589,False,False,False
DDX18,0.015615636482834816,False,False,False
DDX19A,0.017036082223057747,False,False,False
DDX19B,0.02086620032787323,False,False,False
DDX20,0.016288040205836296,False,False,False
DDX21,0.021180136129260063,False,False,False
DDX23,0.02163839153945446,False,False,False
DDX24,0.024705465883016586,False,False,False
DDX27,0.019724566489458084,False,False,False
DDX3X,0.01563582569360733,False,False,False
DDX41,0.011293407529592514,False,False,False
DDX42,0.0201855655759573,False,False,False
DDX49,0.02364254742860794,False,False,False
DDX5,0.02214328944683075,False,False,False
DDX51,0.018981125205755234,False,False,False
DDX52,0.027671823278069496,False,False,False
DDX55,0.020686835050582886,False,False,False
DDX56,0.02271079830825329,False,False,False
DDX59,0.021610058844089508,False,False,False
DDX6,-0.001224355772137642,False,False,False
DENR,0.008036275394260883,False,False,False
DEPDC5,0.01863892562687397,False,False,False
DERL2,0.024047793820500374,False,False,False
DESI1,0.010184640996158123,False,False,False
DGCR8,0.027799472212791443,False,False,False
DHDDS,0.025318056344985962,False,False,False
DHODH,0.017734427005052567,False,False,False
DHPS,0.014842118136584759,False,False,False
DHX15,0.028645692393183708,False,False,False
DHX16,0.019937168806791306,False,False,False
DHX29,0.026452943682670593,False,False,False
DHX33,0.02284165658056736,False,False,False
DHX36,0.008606024086475372,False,False,False
DHX37,0.027443673461675644,False,False,False
DHX9,0.018881358206272125,False,False,False
DICER1,0.019644947722554207,False,False,False
DIMT1,0.02813536860048771,False,False,False
DIS3,0.02394343540072441,False,False,False
DKC1,0.022808188572525978,False,False,False
DLD,0.02557978220283985,False,False,False
DMAP1,0.014585064724087715,False,False,False
DNAJA1,0.02553069032728672,False,False,False
DNAJA3,0.021712463349103928,False,False,False
DNAJC11,0.020769748836755753,False,False,False
DNAJC17,0.01927616447210312,False,False,False
DNAJC19,0.029719900339841843,False,False,False
DNAJC8,0.03288636356592178,False,False,False
DNAJC9,0.014994408003985882,False,False,False
DNM1,0.022439319640398026,False,False,False
DNM1L,0.021297717466950417,False,False,False
DNM2,0.027746429666876793,False,False,False
DNMT1,0.027820074930787086,False,False,False
DNTTIP2,-0.008412498980760574,False,False,False
DOHH,0.030111106112599373,False,False,False
DOLK,0.019349245354533195,False,False,False
DONSON,0.014112172648310661,False,False,False
DPAGT1,0.010326411575078964,False,False,False
DPH2,0.01910087652504444,False,False,False
DPH3,0.014115982688963413,False,False,False
DPH6,0.017816096544265747,False,False,False
DPM2,0.015555335208773613,False,False,False
DPY19L4,0.01749962382018566,False,False,False
DR1,0.022950371727347374,False,False,False
DRAP1,0.0023177796974778175,False,False,False
DRG1,0.022340897470712662,False,False,False
DROSHA,0.02927350252866745,False,False,False
DSN1,0.01696830429136753,False,False,False
DSTYK,0.018985344097018242,False,False,False
DTL,0.02567681297659874,False,False,False
DTYMK,0.017492055892944336,False,False,False
DUT,0.02301216498017311,False,False,False
DYNC1H1,0.026079803705215454,False,False,False
DYNC1I2,0.043246760964393616,False,False,False
DYNLL1,0.022051332518458366,False,False,False
DYNLL2,0.013775411993265152,False,False,False
E2F6,0.018401600420475006,False,False,False
E4F1,0.014714481309056282,False,False,False
EARS2,0.007432009093463421,False,False,False
EBNA1BP2,0.018108325079083443,False,False,False
ECD,0.020697034895420074,False,False,False
ECT2,0.01985017955303192,False,False,False
EDC4,0.016122866421937943,False,False,False
EEF1B2,0.01563553884625435,False,False,False
EEF1G,0.03246661275625229,False,False,False
EEFSEC,0.026998411864042282,False,False,False
EFR3A,0.025126943364739418,False,False,False
EFTUD2,0.01245737262070179,False,False,False
EGLN2,0.021425671875476837,False,False,False
EHMT2,0.034538183361291885,False,False,False
EIF1,0.01619287207722664,False,False,False
EIF1AD,0.018965141847729683,False,False,False
EIF1AX,0.017132701352238655,False,False,False
EIF2B1,0.02676071599125862,False,False,False
EIF2B2,0.018055856227874756,False,False,False
EIF2B3,0.018198397010564804,False,False,False
EIF2B4,0.017002759501338005,False,False,False
EIF2B5,0.01794976182281971,False,False,False
EIF2S1,0.018563708290457726,False,False,False
EIF2S2,0.017991621047258377,False,False,False
EIF2S3,0.019332170486450195,False,False,False
EIF3A,0.009374823421239853,False,False,False
EIF3B,0.011072229593992233,False,False,False
EIF3D,0.010841462761163712,False,False,False
EIF3E,0.014515280723571777,False,False,False
EIF3G,0.018872413784265518,False,False,False
EIF3H,0.0187565665692091,False,False,False
EIF3I,0.009297678247094154,False,False,False
EIF3J,0.027044627815485,False,False,False
EIF3L,0.01756763458251953,False,False,False
EIF3M,0.017528802156448364,False,False,False
EIF4A1,0.019493507221341133,False,False,False
EIF4A3,0.02523106522858143,False,False,False
EIF4B,0.02034747414290905,False,False,False
EIF4E,0.019970638677477837,False,False,False
EIF4G1,0.011904449202120304,False,False,False
EIF4G2,0.021840902045369148,False,False,False
EIF4H,0.02431238815188408,False,False,False
EIF5A,0.03454948961734772,False,False,False
EIF6,0.02197170816361904,False,False,False
ELAC2,0.01551038771867752,False,False,False
ELL,0.0300123393535614,False,False,False
ELOB,0.0478045791387558,False,False,False
ELOF1,0.013030110858380795,False,False,False
ELOVL1,0.01971413567662239,False,False,False
ELP2,0.011064307764172554,False,False,False
ELP3,0.018523190170526505,False,False,False
ELP4,0.018795769661664963,False,False,False
ELP5,0.02076684683561325,False,False,False
ELP6,0.013654090464115143,False,False,False
EMC1,0.019262142479419708,False,False,False
EMC4,0.013577200472354889,False,False,False
EMC7,0.010784202255308628,False,False,False
EMG1,0.01415003091096878,False,False,False
ENO1,0.01566639542579651,False,False,False
ENY2,0.01246891263872385,False,False,False
EP400,0.02092905342578888,False,False,False
EPB41L2,0.023518376052379608,False,False,False
EPRS,0.023819752037525177,False,False,False
ERAL1,0.022469691932201385,False,False,False
ERCC2,0.019964665174484253,False,False,False
ERCC3,0.022737810388207436,False,False,False
ESF1,0.023579472675919533,False,False,False
ESYT2,0.021179191768169403,False,False,False
ETF1,0.015477493405342102,False,False,False
EWSR1,0.018463945016264915,False,False,False
EXOC1,0.004712717607617378,False,False,False
EXOC2,0.012700686231255531,False,False,False
EXOC3,0.019899427890777588,False,False,False
EXOC4,0.023878226056694984,False,False,False
EXOC5,0.021867424249649048,False,False,False
EXOC7,0.02041434496641159,False,False,False
EXOC8,0.01571831665933132,False,False,False
EXOSC1,0.020251987501978874,False,False,False
EXOSC10,0.018023721873760223,False,False,False
EXOSC2,0.021428104490041733,False,False,False
EXOSC3,0.01961240917444229,False,False,False
EXOSC4,0.02529812976717949,False,False,False
EXOSC5,0.02626577951014042,False,False,False
EXOSC6,0.027648676186800003,False,False,False
EXOSC7,0.024936683475971222,False,False,False
EXOSC8,0.028142709285020828,False,False,False
EXOSC9,0.026233553886413574,False,False,False
F8A1,0.01676190458238125,False,False,False
FAF2,0.017149057239294052,False,False,False
FAM102B,0.02406499907374382,False,False,False
FAM133B,0.009314361028373241,False,False,False
FAM136A,0.024498354643583298,False,False,False
FAM207A,0.024281281977891922,False,False,False
FAM32A,0.016584716737270355,False,False,False
FAM50A,0.015188750810921192,False,False,False
FARS2,0.029967401176691055,False,False,False
FARSA,0.004749639891088009,False,False,False
FARSB,0.024595292285084724,False,False,False
FASN,0.01777978055179119,False,False,False
FASTKD5,0.015132230706512928,False,False,False
FAU,0.026031270623207092,False,False,False
FBL,0.021825632080435753,False,False,False
FBLIM1,0.019153650850057602,False,False,False
FBXO42,0.019549258053302765,False,False,False
FBXW7,0.018768753856420517,False,False,False
FCF1,0.02683279849588871,False,False,False
FDPS,0.02966122329235077,False,False,False
FDXR,0.01615426503121853,False,False,False
FEN1,0.01947738416492939,False,False,False
FGFR1OP,0.01605369709432125,False,False,False
FKBP9,0.017861271277070045,False,False,False
FNBP4,0.021011043339967728,False,False,False
FNTA,0.03388329595327377,False,False,False
FOXL2,0.017496488988399506,False,False,False
FOXO1,0.01606716215610504,False,False,False
FTSJ3,0.030934717506170273,False,False,False
FUNDC2,0.023306362330913544,False,False,False
FXN,0.012112082913517952,False,False,False
FYN,0.02189570851624012,False,False,False
GABPA,0.031950563192367554,False,False,False
GABPB1,0.0363924466073513,False,False,False
GAK,0.017394959926605225,False,False,False
GAR1,0.02276119962334633,False,False,False
GARS,0.01857203245162964,False,False,False
GART,0.030790172517299652,False,False,False
GATA1,0.030042564496397972,False,False,False
GBF1,0.01992376334965229,False,False,False
GCLC,0.022436747327446938,False,False,False
GEMIN4,0.013876032084226608,False,False,False
GEMIN5,0.015790175646543503,False,False,False
GEMIN6,0.03084283322095871,False,False,False
GEMIN7,0.016084976494312286,False,False,False
GEMIN8,0.009210189804434776,False,False,False
GET3,0.01490689441561699,False,False,False
GFER,0.012739371508359909,False,False,False
GFM1,0.024081256240606308,False,False,False
GFOD2,0.022071436047554016,False,False,False
GGPS1,0.02319215051829815,False,False,False
GINS1,0.0195307619869709,False,False,False
GINS2,0.019696548581123352,False,False,False
GINS3,0.022390633821487427,False,False,False
GINS4,0.018238641321659088,False,False,False
GLB1,0.021782588213682175,False,False,False
GLE1,0.03117455169558525,False,False,False
GLI4,0.019855547696352005,False,False,False
GLMN,0.023363647982478142,False,False,False
GLRX3,0.022902579978108406,False,False,False
GLRX5,0.016720175743103027,False,False,False
GMIP,0.01869346760213375,False,False,False
GMPPB,0.03053484670817852,False,False,False
GMPS,0.026941126212477684,False,False,False
GNB1L,0.01923735812306404,False,False,False
GNL2,0.017620496451854706,False,False,False
GNL3,0.022768452763557434,False,False,False
GNL3L,0.021378079429268837,False,False,False
GNPAT,0.02120468206703663,False,False,False
GNPNAT1,0.017550431191921234,False,False,False
GOLT1B,0.010655890218913555,False,False,False
GOSR2,0.017581187188625336,False,False,False
GPKOW,0.01334954984486103,False,False,False
GPN1,0.014021996408700943,False,False,False
GPN2,0.013986622914671898,False,False,False
GPN3,0.023125192150473595,False,False,False
GPS1,0.023956740275025368,False,False,False
GPS2,0.014256675727665424,False,False,False
GRPEL1,0.01607424020767212,False,False,False
GRSF1,0.013406753540039062,False,False,False
GRWD1,0.016706466674804688,False,False,False
GSK3B,0.019007377326488495,False,False,False
GSPT1,0.026328466832637787,False,False,False
GTF2A1,0.022765543311834335,False,False,False
GTF2A2,0.020859094336628914,False,False,False
GTF2B,0.012182464823126793,False,False,False
GTF2E1,0.00945175252854824,False,False,False
GTF2E2,0.02321830950677395,False,False,False
GTF2F1,0.0237501859664917,False,False,False
GTF2F2,0.015798885375261307,False,False,False
GTF2H1,0.019236963242292404,False,False,False
GTF2H2,0.01981663890182972,False,False,False
GTF2H2C,0.025981780141592026,False,False,False
GTF2H3,0.01995445415377617,False,False,False
GTF2H4,0.021394968032836914,False,False,False
GTF3A,0.023533320054411888,False,False,False
GTF3C1,0.038377728313207626,False,False,False
GTF3C2,0.03194812685251236,False,False,False
GTF3C3,0.01724359393119812,False,False,False
GTF3C4,0.01832028105854988,False,False,False
GTF3C5,0.019701223820447922,False,False,False
GTF3C6,0.024623654782772064,False,False,False
GTPBP4,0.019581418484449387,False,False,False
GUCD1,0.01320648193359375,False,False,False
GUK1,0.006402389146387577,False,False,False
GYG1,0.020042212679982185,False,False,False
H2AFX,0.01904875412583351,False,False,False
H2AFZ,0.02957555279135704,False,False,False
H3F3A,0.03360068053007126,False,False,False
HAMP,0.019277874380350113,False,False,False
HARS,0.01723504438996315,False,False,False
HARS2,0.017713960260152817,False,False,False
HAUS1,0.024968896061182022,False,False,False
HAUS3,0.015869688242673874,False,False,False
HAUS4,0.03235706314444542,False,False,False
HAUS5,0.023303916677832603,False,False,False
HAUS6,0.017511308193206787,False,False,False
HAUS8,0.022580599412322044,False,False,False
HBS1L,0.030482321977615356,False,False,False
HDAC3,0.020202001556754112,False,False,False
HDAC7,0.02633674256503582,False,False,False
HEATR1,0.017203832045197487,False,False,False
HECTD1,0.01362055353820324,False,False,False
HERC1,0.017095787450671196,False,False,False
HEXIM1,0.009028647094964981,False,False,False
HGS,0.02705550566315651,False,False,False
HHEX,0.016664322465658188,False,False,False
HINFP,0.016823338344693184,False,False,False
HIPK1,0.021539859473705292,False,False,False
HIST1H2AE,0.02265680581331253,False,False,False
HIST1H2BC,0.014961089007556438,False,False,False
HIST1H2BJ,0.016146721318364143,False,False,False
HIST1H2BN,0.01852167770266533,False,False,False
HJURP,0.014865875244140625,False,False,False
HLA-C,0.036419827491045,False,False,False
HMBOX1,0.020324859768152237,False,False,False
HMGA1,0.019162558019161224,False,False,False
HMGB3,0.02005603164434433,False,False,False
HMGCR,0.02089831233024597,False,False,False
HMGCS1,0.025209955871105194,False,False,False
HMGN2,0.02347405254840851,False,False,False
HMX3,0.019293583929538727,False,False,False
HNRNPA1,0.022336924448609352,False,False,False
HNRNPC,0.018849171698093414,False,False,False
HNRNPDL,0.023086242377758026,False,False,False
HNRNPH1,0.03952755033969879,False,False,False
HNRNPK,0.01399327628314495,False,False,False
HNRNPL,0.026304325088858604,False,False,False
HNRNPR,0.009492386132478714,False,False,False
HNRNPU,0.05882155895233154,False,False,False
HOXC10,0.011927120387554169,False,False,False
HPS5,0.04010763764381409,False,False,False
HS6ST1,0.01646847277879715,False,False,False
HSCB,0.02237418293952942,False,False,False
HSD17B10,0.021164922043681145,False,False,False
HSD17B12,0.03033255785703659,False,False,False
HSP90B1,0.01302995253354311,False,False,False
HSPA14,0.019450806081295013,False,False,False
HSPA5,0.03071911633014679,True,False,False
HSPA8,0.018546761944890022,False,False,False
HSPA9,0.02086368389427662,False,False,False
HSPD1,0.0216582790017128,False,False,False
HSPE1,0.016837066039443016,False,False,False
HSPH1,0.019158612936735153,False,False,False
HTATSF1,0.025511514395475388,False,False,False
HUS1,0.016447950154542923,False,False,False
HUWE1,0.011832344345748425,False,False,False
HYOU1,0.02081972360610962,False,False,False
IARS,0.015635620802640915,False,False,False
IARS2,0.022261153906583786,False,False,False
ICE1,0.02289334125816822,False,False,False
IFITM2,0.01756320707499981,False,False,False
IFITM3,0.018412569537758827,False,False,False
IGBP1,0.03717559203505516,False,False,False
ILF2,0.014405952766537666,False,False,False
ILF3,0.010352921672165394,False,False,False
IMP4,0.023934103548526764,False,False,False
IMPA2,0.02859233133494854,False,False,False
IMPDH2,0.01494911964982748,False,False,False
INF2,0.01840474084019661,False,False,False
ING3,0.012012261897325516,False,False,False
INO80,0.021455911919474602,False,False,False
INO80B,0.02090703509747982,False,False,False
INO80C,0.016833461821079254,False,False,False
INO80D,0.01729336567223072,False,False,False
INO80E,0.014836795628070831,False,False,False
INPPL1,0.01750207133591175,False,False,False
INTS1,0.02563108131289482,False,False,False
INTS10,0.021392766386270523,False,False,False
INTS11,0.024050327017903328,False,False,False
INTS12,0.013981085270643234,False,False,False
INTS13,0.018556304275989532,False,False,False
INTS14,0.015168322250247002,False,False,False
INTS2,0.0295927282422781,False,False,False
INTS3,0.02029244601726532,False,False,False
INTS4,0.012337133288383484,False,False,False
INTS5,0.02214190922677517,False,False,False
INTS6,0.02004016749560833,False,False,False
INTS7,0.02738918364048004,False,False,False
INTS8,0.028677308931946754,False,False,False
INTS9,0.015138333663344383,False,False,False
IPO11,0.051256172358989716,False,False,False
IPO13,0.01790199801325798,False,False,False
IPO7,0.017895597964525223,False,False,False
IPO9,0.024225346744060516,False,False,False
ISCA2,0.017074350267648697,False,False,False
ISCU,0.019774287939071655,False,False,False
ISG20L2,0.01780581846833229,False,False,False
IST1,0.020527144894003868,False,False,False
ITGB1BP1,0.016456065699458122,False,False,False
IWS1,0.010646753944456577,False,False,False
JMJD6,0.015679223462939262,False,False,False
KANSL1,0.012302267365157604,False,False,False
KANSL2,0.012551125138998032,False,False,False
KANSL3,0.019550906494259834,False,False,False
KARS,0.029899638146162033,False,False,False
KAT5,0.02731846272945404,False,False,False
KAT7,0.02771596610546112,False,False,False
KATNB1,0.011896424926817417,False,False,False
KCMF1,0.008083025924861431,False,False,False
KCTD10,0.02114740014076233,False,False,False
KDM1A,0.022393081337213516,False,False,False
KDM2A,0.022546879947185516,False,False,False
KDM5C,0.016485093161463737,False,False,False
KDM6A,0.023188890889286995,False,False,False
KEAP1,0.033474959433078766,False,False,False
KIAA0586,0.017959393560886383,False,False,False
KIAA1143,0.020733455196022987,False,False,False
KIF11,0.016270477324724197,False,False,False
KIF14,0.017883071675896645,False,False,False
KIF18A,0.01829623430967331,False,False,False
KIF18B,0.018867667764425278,False,False,False
KIF20A,0.01124729122966528,False,False,False
KIF4A,0.013999905437231064,False,False,False
KIN,0.014881815761327744,False,False,False
KLC2,0.020435811951756477,False,False,False
KLF7,0.012628326192498207,False,False,False
KPNA6,0.012478436343371868,False,False,False
KPNB1,0.025147346779704094,False,False,False
KRI1,0.025869814679026604,False,False,False
KRR1,0.025285612791776657,False,False,False
KTI12,0.0040751732885837555,False,False,False
KXD1,0.02154964953660965,False,False,False
LAMB1,0.023568008095026016,False,False,False
LAMTOR1,0.019752949476242065,False,False,False
LAMTOR2,0.010967372916638851,False,False,False
LAMTOR3,0.009781265631318092,False,False,False
LAMTOR4,0.034504689276218414,False,False,False
LARS,0.019453056156635284,False,False,False
LARS2,0.015958089381456375,False,False,False
LAS1L,0.019722940400242805,False,False,False
LDB1,0.016289060935378075,False,False,False
LENG8,0.016229256987571716,False,False,False
LEO1,0.016717921942472458,False,False,False
LETM1,0.015590418130159378,False,False,False
LIMS1,0.020977023988962173,False,False,False
LIN52,0.021401597186923027,False,False,False
LONP1,0.021789176389575005,False,False,False
LPIN1,0.017696335911750793,False,False,False
LRP5,0.025659240782260895,False,False,False
LRPPRC,0.026575658470392227,False,False,False
LRR1,0.020411254838109016,False,False,False
LRRC37B,0.018794860690832138,False,False,False
LSG1,0.023567885160446167,False,False,False
LSM10,0.017585372552275658,False,False,False
LSM12,0.012748672626912594,False,False,False
LSM2,0.020484503358602524,False,False,False
LSM3,0.01916581578552723,False,False,False
LSM4,0.021966878324747086,False,False,False
LSM5,0.020549697801470757,False,False,False
LSM6,0.02022535167634487,False,False,False
LSM7,0.012228438630700111,False,False,False
LST1,0.01886129006743431,False,False,False
LTBP3,0.01634981483221054,False,False,False
LTBP4,0.017645185813307762,False,False,False
LTV1,0.026388749480247498,False,False,False
LUC7L3,0.02492438443005085,False,False,False
LYRM4,0.010748028755187988,False,False,False
LZTR1,0.01771468296647072,False,False,False
MAD2L1,0.015332557260990143,False,False,False
MAD2L2,0.011159115470945835,False,False,False
MAGOH,0.021809643134474754,False,False,False
MAK16,0.01858164742588997,False,False,False
MALSU1,0.024619363248348236,False,False,False
MANF,0.022327201440930367,False,False,False
MAP2K7,0.014241493307054043,False,False,False
MARS,0.015870485454797745,False,False,False
MARS2,0.01618911325931549,False,False,False
MASTL,0.014432435855269432,False,False,False
MAT2A,0.03456933796405792,False,False,False
MAU2,0.03159453347325325,False,False,False
MAX,0.02583344653248787,False,False,False
MBD3,0.015097489580512047,False,False,False
MBIP,0.029190566390752792,False,False,False
MBNL1,0.028369303792715073,False,False,False
MBTPS1,0.014466682448983192,False,False,False
MBTPS2,0.01821526512503624,False,False,False
MCEE,0.02848784811794758,False,False,False
MCL1,0.02065453492105007,False,False,False
MCM10,0.016566092148423195,False,False,False
MCM2,0.025917496532201767,False,False,False
MCM3,0.0241620521992445,False,False,False
MCM3AP,0.028496267274022102,False,False,False
MCM4,0.021716982126235962,False,False,False
MCM5,0.02299724705517292,False,False,False
MCM6,0.022300856187939644,False,False,False
MCM7,0.027573220431804657,False,False,False
MCMBP,0.008193357847630978,False,False,False
MDN1,0.01971878670156002,False,False,False
MED1,0.021553147584199905,False,False,False
MED10,0.03416255861520767,False,False,False
MED11,0.02628115378320217,False,False,False
MED12,0.02621043287217617,False,False,False
MED14,0.024186786264181137,False,False,False
MED16,0.022345930337905884,False,False,False
MED17,0.02110469341278076,False,False,False
MED18,0.02360806055366993,False,False,False
MED19,0.03236046060919762,False,False,False
MED20,0.02755066566169262,False,False,False
MED21,0.0247359536588192,False,False,False
MED22,0.020707929506897926,False,False,False
MED24,0.029055962339043617,False,False,False
MED26,0.022758953273296356,False,False,False
MED27,0.021210379898548126,False,False,False
MED28,0.004762636497616768,False,False,False
MED29,0.022091401740908623,False,False,False
MED30,0.02574201673269272,False,False,False
MED31,0.025702690705657005,False,False,False
MED4,0.02674899436533451,False,False,False
MED6,0.04870931804180145,False,False,False
MED7,0.02108972705900669,False,False,False
MED8,0.02849879488348961,False,False,False
MED9,0.017055410891771317,False,False,False
MEN1,0.005992116406559944,False,False,False
METAP1,0.015142951160669327,False,False,False
METAP2,0.030230900272727013,False,False,False
METTL1,0.02141837775707245,False,False,False
METTL14,0.016947066411376,False,False,False
METTL16,0.022439884021878242,False,False,False
METTL17,0.012970098294317722,False,False,False
METTL21A,0.020335376262664795,False,False,False
METTL23,0.016657575964927673,False,False,False
METTL3,0.028913047164678574,False,False,False
MEX3A,0.014375378377735615,False,False,False
MFAP1,0.00025749392807483673,False,False,False
MFN2,0.00967373326420784,False,False,False
MICOS10,0.01844891905784607,False,False,False
MIOS,0.010135614313185215,False,False,False
MIPEP,0.012932147830724716,False,False,False
MIS12,0.015082523226737976,False,False,False
MIS18A,0.02119085192680359,False,False,False
MIS18BP1,0.02452327311038971,False,False,False
MKRN1,0.01992492936551571,False,False,False
MLLT6,0.009631662629544735,False,False,False
MLST8,0.03140213340520859,False,False,False
MMGT1,0.014180829748511314,False,False,False
MMS19,0.011082183569669724,False,False,False
MMS22L,0.024152930825948715,False,False,False
MNAT1,0.019236169755458832,False,False,False
MOB4,0.02122560515999794,False,False,False
MOCS3,0.022169696167111397,False,False,False
MON1A,0.018504571169614792,False,False,False
MPG,0.021071821451187134,False,False,False
MPHOSPH10,0.026535483077168465,False,False,False
MPHOSPH6,0.019013751298189163,False,False,False
MRGBP,0.00828427542001009,False,False,False
MRM1,0.02844904363155365,False,False,False
MRPL1,0.015524658374488354,False,False,False
MRPL10,0.021550823003053665,False,False,False
MRPL11,0.021378781646490097,False,False,False
MRPL13,0.023493168875575066,False,False,False
MRPL14,0.014784622937440872,False,False,False
MRPL15,0.02182697132229805,False,False,False
MRPL16,0.020397890359163284,False,False,False
MRPL17,0.022975794970989227,False,False,False
MRPL18,0.01842370443046093,False,False,False
MRPL19,0.016748754307627678,False,False,False
MRPL2,0.023932358250021935,False,False,False
MRPL20,0.017439253628253937,False,False,False
MRPL22,0.019646361470222473,False,False,False
MRPL23,0.01730410009622574,False,False,False
MRPL24,0.02535349130630493,False,False,False
MRPL27,0.02152211219072342,False,False,False
MRPL28,0.01937847211956978,False,False,False
MRPL3,0.018749598413705826,False,False,False
MRPL32,0.03061213344335556,False,False,False
MRPL33,0.02210807427763939,False,False,False
MRPL34,0.023621775209903717,False,False,False
MRPL35,0.022840119898319244,False,False,False
MRPL36,0.01784379594027996,False,False,False
MRPL37,0.020550372079014778,False,False,False
MRPL38,0.022501617670059204,False,False,False
MRPL39,0.022387973964214325,False,False,False
MRPL4,0.021841909736394882,False,False,False
MRPL41,0.028434816747903824,False,False,False
MRPL42,0.016396906226873398,False,False,False
MRPL43,0.022076720371842384,False,False,False
MRPL44,0.02905428037047386,False,False,False
MRPL45,0.014895259402692318,False,False,False
MRPL46,0.012463560327887535,False,False,False
MRPL49,0.027969075366854668,False,False,False
MRPL50,0.017510851845145226,False,False,False
MRPL51,0.015618324279785156,False,False,False
MRPL54,0.015871524810791016,False,False,False
MRPL55,0.016597313806414604,False,False,False
MRPL9,0.01888139732182026,False,False,False
MRPS10,0.015223441645503044,False,False,False
MRPS11,0.017376407980918884,False,False,False
MRPS12,0.014385189861059189,False,False,False
MRPS14,0.020879916846752167,False,False,False
MRPS16,0.015542970038950443,False,False,False
MRPS17,0.016736358404159546,False,False,False
MRPS18A,0.016924435272812843,False,False,False
MRPS18B,0.011480334214866161,False,False,False
MRPS18C,0.011005163192749023,False,False,False
MRPS2,0.017637599259614944,False,False,False
MRPS21,0.014500350691378117,False,False,False
MRPS22,0.024615788832306862,False,False,False
MRPS23,0.023285072296857834,False,False,False
MRPS24,0.011538468301296234,False,False,False
MRPS25,0.018396742641925812,False,False,False
MRPS26,0.01808568462729454,False,False,False
MRPS27,0.02051299437880516,False,False,False
MRPS28,0.018022894859313965,False,False,False
MRPS30,0.02251853048801422,False,False,False
MRPS31,0.011500474065542221,False,False,False
MRPS33,0.014598862268030643,False,False,False
MRPS34,0.019325366243720055,False,False,False
MRPS35,0.01773865707218647,False,False,False
MRPS5,0.01330169290304184,False,False,False
MRPS6,0.01325977686792612,False,False,False
MRPS7,0.013348998501896858,False,False,False
MRPS9,0.016098925843834877,False,False,False
MRTO4,0.020916271954774857,False,False,False
MSL1,0.016626477241516113,False,False,False
MSRB1,0.020461462438106537,False,False,False
MST1,0.010631884448230267,False,False,False
MT2A,0.01836434192955494,False,False,False
MTBP,0.019811643287539482,False,False,False
MTG2,0.015616647899150848,False,False,False
MTHFD1,0.016039766371250153,False,False,False
MTOR,0.015683317556977272,False,False,False
MTPAP,0.027607018128037453,False,False,False
MVD,0.01835910603404045,False,False,False
MVK,0.013864589855074883,False,False,False
MYBBP1A,0.019533464685082436,False,False,False
MYBL2,0.023001087829470634,False,False,False
MYC,0.03063850663602352,False,True,False
MYCBP,0.02538003772497177,False,False,False
MYSM1,0.01942901872098446,False,False,False
MZF1,0.019591720774769783,False,False,False
MZT1,0.012354536913335323,False,False,False
N6AMT1,0.023682283237576485,False,False,False
NAA10,0.030385974794626236,False,False,False
NAA15,0.026117291301488876,False,False,False
NAA20,0.025537408888339996,False,False,False
NAA25,0.01790003478527069,False,False,False
NAA30,0.01601693034172058,False,False,False
NAA35,0.01918967068195343,False,False,False
NAA50,0.031305667012929916,False,False,False
NACA,0.04710094630718231,False,False,False
NAE1,0.014366737566888332,False,False,False
NAF1,0.022486612200737,False,False,False
NAGLU,0.023510251194238663,False,False,False
NAPG,0.01667473465204239,False,False,False
NARS,0.01533643901348114,False,False,False
NARS2,0.017402494326233864,False,False,False
NASP,0.019978119060397148,False,False,False
NAT10,0.027382608503103256,False,False,False
NBAS,0.021327827125787735,False,False,False
NBEAL1,0.01641985774040222,False,False,False
NCAPD2,0.028171516954898834,False,False,False
NCAPD3,0.01731172576546669,False,False,False
NCAPG,0.016314072534441948,False,False,False
NCAPG2,0.02199782244861126,False,False,False
NCAPH,0.031185783445835114,False,False,False
NCAPH2,0.02078992873430252,False,False,False
NCBP1,0.027992285788059235,False,False,False
NCBP2,0.025710472837090492,False,False,False
NCKAP1,0.02747730351984501,False,False,False
NCOA4,0.020199831575155258,False,False,False
NDC1,0.013899690471589565,False,False,False
NDC80,0.03775222972035408,False,False,False
NDUFA11,0.02007247693836689,False,False,False
NDUFA2,0.02477409690618515,False,False,False
NDUFA3,0.015469023957848549,False,False,False
NDUFA4,0.019625652581453323,False,False,False
NDUFA6,0.018401702865958214,False,False,False
NDUFA8,0.018091890960931778,False,False,False
NDUFAB1,0.017051395028829575,False,False,False
NDUFAF3,0.017727630212903023,False,False,False
NDUFAF5,0.021879402920603752,False,False,False
NDUFAF7,0.01931775175035,False,False,False
NDUFB10,0.022308485582470894,False,False,False
NDUFB3,0.013579195365309715,False,False,False
NDUFB4,0.013843588531017303,False,False,False
NDUFB6,0.017609214410185814,False,False,False
NDUFB7,0.020126856863498688,False,False,False
NDUFB8,0.016725752502679825,False,False,False
NDUFS3,0.017967287451028824,False,False,False
NDUFS5,0.02000192366540432,False,False,False
NDUFV2,0.028050709515810013,False,False,False
NEDD1,0.023683667182922363,False,False,False
NEDD8,0.020531171932816505,False,False,False
NELFA,0.010743537917733192,False,False,False
NELFB,0.006214691326022148,False,False,False
NELFCD,0.015397385694086552,False,False,False
NELFE,0.017124980688095093,False,False,False
NEMF,0.018693115562200546,False,False,False
NEPRO,0.02501571550965309,False,False,False
NF1,0.01470796950161457,False,False,False
NFATC2IP,0.01786811836063862,False,False,False
NFKBIE,0.03647206723690033,False,False,False
NFRKB,0.01566157117486,False,False,False
NFS1,0.017292864620685577,False,False,False
NFYB,0.028034957125782967,False,False,False
NFYC,0.025712598115205765,False,False,False
NHLRC2,0.020581847056746483,False,False,False
NHP2,0.024879006668925285,False,False,False
NIFK,0.015479457564651966,False,False,False
NIP7,0.01829914003610611,False,False,False
NISCH,0.020423781126737595,False,False,False
NKAP,0.014658110216259956,False,False,False
NKAPD1,0.016687748953700066,False,False,False
NLE1,0.02276765927672386,False,False,False
NMD3,0.021054573357105255,False,False,False
NMT1,0.02041439712047577,False,False,False
NOB1,0.02379017509520054,False,False,False
NOC2L,0.02071898989379406,False,False,False
NOC3L,0.017960140481591225,False,False,False
NOC4L,0.024919860064983368,False,False,False
NOL10,0.02502780593931675,False,False,False
NOL11,0.020715922117233276,False,False,False
NOL12,0.020935000851750374,False,False,False
NOL6,0.02464187890291214,False,False,False
NOL7,0.027648864313960075,False,False,False
NOL8,0.0252535343170166,False,False,False
NOL9,0.02071869745850563,False,False,False
NOLC1,0.025040224194526672,False,False,False
NOM1,0.021264463663101196,False,False,False
NOMO1,0.014721939340233803,False,False,False
NOP10,0.023333771154284477,False,False,False
NOP14,0.023767666891217232,False,False,False
NOP16,0.019353576004505157,False,False,False
NOP2,0.021431120112538338,False,False,False
NOP58,0.025849876925349236,False,False,False
NOP9,0.022657711058855057,False,False,False
NOS1AP,0.014664620161056519,False,False,False
NPLOC4,0.018446054309606552,False,False,False
NPM1,0.0240886639803648,False,False,False
NPM3,0.02095700614154339,False,False,False
NRBP1,0.02114473469555378,False,False,False
NRDE2,0.016404585912823677,False,False,False
NSA2,0.019841626286506653,False,False,False
NSF,0.01930559054017067,False,False,False
NSL1,0.02176920883357525,False,False,False
NSMCE1,0.017367525026202202,False,False,False
NSMCE2,0.015716752037405968,False,False,False
NSRP1,0.03332776576280594,False,False,False
NSUN4,0.017632825300097466,False,False,False
NUB1,0.01698199287056923,False,False,False
NUBP1,0.025820966809988022,False,False,False
NUBP2,0.01992146298289299,False,False,False
NUDC,0.01605096273124218,False,False,False
NUDCD3,0.003458630293607712,False,False,False
NUDT15,0.013721114955842495,False,False,False
NUDT21,0.01833675429224968,False,False,False
NUF2,0.02777983993291855,False,False,False
NUFIP1,0.021960005164146423,False,False,False
NUP107,0.026935767382383347,False,False,False
NUP133,0.024428175762295723,False,False,False
NUP153,0.02264680713415146,False,False,False
NUP160,0.02531721070408821,False,False,False
NUP205,0.03277336806058884,False,False,False
NUP214,0.018859537318348885,False,False,False
NUP35,0.013017933815717697,False,False,False
NUP43,0.023967809975147247,False,False,False
NUP54,0.015875032171607018,False,False,False
NUP62,0.011821217834949493,False,False,False
NUP85,0.03406411036849022,False,False,False
NUP88,0.023777615278959274,False,False,False
NUP98,0.01246664673089981,False,False,False
NUTF2,0.02516917884349823,False,False,False
NVL,0.01927402801811695,False,False,False
OGFOD1,0.011417051777243614,False,False,False
OGT,0.02916085161268711,False,False,False
OIP5,0.012866485863924026,False,False,False
OLFML3,0.003303011879324913,False,False,False
OPA1,0.006715759634971619,False,False,False
ORC1,0.02491856925189495,False,False,False
ORC3,0.014660331420600414,False,False,False
ORC4,0.02017463929951191,False,False,False
ORC5,0.017902031540870667,False,False,False
ORC6,0.026812823489308357,False,False,False
OSGEP,0.017132744193077087,False,False,False
OSTC,0.014782029204070568,False,False,False
OXA1L,0.022557847201824188,False,False,False
PABPC1,0.020850855857133865,False,False,False
PABPC4,0.021002093330025673,False,False,False
PABPN1,0.02886832319200039,False,False,False
PAF1,0.0,False,False,False
PAFAH1B1,0.01705932803452015,False,False,False
PAK1IP1,0.02498484030365944,False,False,False
PALB2,0.024298353120684624,False,False,False
PAM16,0.018388817086815834,False,False,False
PARN,0.021202988922595978,False,False,False
PARS2,0.017941711470484734,False,False,False
PAXBP1,0.017423830926418304,False,False,False
PCBP1,0.03528911992907524,False,False,False
PCID2,0.015604713931679726,False,False,False
PCM1,0.025042735040187836,False,False,False
PCNA,0.014288924634456635,False,False,False
PCNX3,0.021236084401607513,False,False,False
PDAP1,0.010702196508646011,False,False,False
PDCD11,0.02343844622373581,False,False,False
PDCD2,0.014389715157449245,False,False,False
PDCD5,0.018112070858478546,False,False,False
PDCD6,0.020620210096240044,False,False,False
PDCD6IP,0.019243616610765457,False,False,False
PDCD7,0.014373782090842724,False,False,False
PDHA1,0.01759297400712967,False,False,False
PDPK1,0.009522199630737305,False,False,False
PDRG1,0.015310900285840034,False,False,False
PEF1,0.024169666692614555,False,False,False
PELP1,0.020593175664544106,False,False,False
PES1,0.017333634197711945,False,False,False
PET117,0.018993426114320755,False,False,False
PEX1,0.005706634372472763,False,False,False
PEX19,0.02512916922569275,False,False,False
PFDN1,0.018171904608607292,False,False,False
PFDN2,0.01481411699205637,False,False,False
PFDN4,0.019589830189943314,False,False,False
PFDN5,0.02426922135055065,False,False,False
PFDN6,0.020368224009871483,False,False,False
PFN1,0.010283381678164005,False,False,False
PGAM1,0.017207644879817963,False,False,False
PGAM5,0.01866110973060131,False,False,False
PGD,0.022043317556381226,False,False,False
PGK1,0.022619273513555527,False,False,False
PGPEP1,0.01639355719089508,False,False,False
PGS1,0.005049926228821278,False,False,False
PHB,0.019398270174860954,False,False,False
PHB2,0.028097808361053467,False,False,False
PHF10,0.022944170981645584,False,False,False
PHF12,0.016677964478731155,False,False,False
PHF5A,0.021014971658587456,False,False,False
PI4KA,0.023158080875873566,False,False,False
PIAS1,0.018139123916625977,False,False,False
PIAS4,0.018807988613843918,False,False,False
PIGH,0.014831547625362873,False,False,False
PIK3C3,0.005976429209113121,False,False,False
PIK3R4,0.021038901060819626,False,False,False
PITRM1,0.023441733792424202,False,False,False
PKMYT1,0.019902760162949562,False,False,False
PLEKHN1,0.016713308170437813,False,False,False
PLK1,0.017170537263154984,False,False,False
PLK4,0.0337132103741169,False,False,False
PLRG1,0.021593498066067696,False,False,False
PMF1,0.03138447180390358,False,False,False
PMPCA,0.01729469932615757,False,False,False
PMPCB,0.01765294373035431,False,False,False
PNKP,0.02306615188717842,False,False,False
PNN,0.032448917627334595,False,False,False
PNO1,0.02342233993113041,False,False,False
PNPT1,0.020331205800175667,False,False,False
POGLUT3,0.0252335574477911,False,False,False
POGZ,0.020760107785463333,False,False,False
POLA1,0.023678680881857872,False,False,False
POLA2,0.01903657428920269,False,False,False
POLD1,0.01639767363667488,False,False,False
POLD2,0.017804766073822975,False,False,False
POLD3,0.016003383323550224,False,False,False
POLE,0.017729654908180237,False,False,False
POLE2,0.024304360151290894,False,False,False
POLG,0.016825728118419647,False,False,False
POLG2,0.010773556306958199,False,False,False
POLL,0.016423679888248444,False,False,False
POLR1A,0.02898137830197811,False,False,False
POLR1B,0.021832184866070747,False,False,False
POLR1C,0.01933688297867775,False,False,False
POLR1D,0.021597787737846375,False,False,False
POLR1E,0.020608600229024887,False,False,False
POLR2B,0.01958642527461052,False,False,False
POLR2C,0.009408440440893173,False,False,False
POLR2E,0.03008604794740677,False,False,False
POLR2F,0.017046747729182243,False,False,False
POLR2G,0.02069922536611557,False,False,False
POLR2H,0.023394040763378143,False,False,False
POLR2I,0.014980971813201904,False,False,False
POLR2K,0.010700376704335213,False,False,False
POLR2L,0.02078067697584629,False,False,False
POLR2M,0.024274323135614395,False,False,False
POLR3B,0.030173487961292267,False,False,False
POLR3C,0.03260936588048935,False,False,False
POLR3D,0.014258968643844128,False,False,False
POLR3E,0.012069271877408028,False,False,False
POLR3F,0.04868815094232559,False,False,False
POLR3H,0.0200236514210701,False,False,False
POLR3K,0.017269115895032883,False,False,False
POLRMT,0.03129303455352783,False,False,False
POP1,0.02609863691031933,False,False,False
POP4,0.02827279455959797,False,False,False
POP5,0.01991734839975834,False,False,False
POP7,0.030101392418146133,False,False,False
PPA1,0.03578714281320572,False,False,False
PPA2,0.019958436489105225,False,False,False
PPAN,0.01638183370232582,False,False,False
PPARGC1B,0.011565834283828735,False,False,False
PPIA,0.019261060282588005,False,False,False
PPIE,0.018891213461756706,False,False,False
PPIH,0.0025159805081784725,False,False,False
PPIL1,0.017640938982367516,False,False,False
PPIL2,0.025617143139243126,False,False,False
PPIL4,0.026442784816026688,False,False,False
PPME1,0.014460282400250435,False,False,False
PPP1CB,0.02050219103693962,False,False,False
PPP1R11,0.006102088838815689,False,False,False
PPP1R12A,0.018888134509325027,False,False,False
PPP1R15B,0.011677608825266361,False,False,False
PPP1R2,0.017162378877401352,False,False,False
PPP1R37,0.011721635237336159,False,False,False
PPP1R8,0.022618412971496582,False,False,False
PPP2CA,0.024720894172787666,False,False,False
PPP2CB,0.01460252795368433,False,False,False
PPP2R1A,0.020273534581065178,False,False,False
PPP2R3C,0.026268796995282173,False,False,False
PPP4C,0.016107361763715744,False,False,False
PPP4R2,0.016222042962908745,False,False,False
PPP6C,0.020259767770767212,False,False,False
PPRC1,0.014865607023239136,False,False,False
PPWD1,0.01913253776729107,False,False,False
PRC1,0.02505824901163578,False,False,False
PRDM4,0.015613794326782227,False,False,False
PREB,0.023852914571762085,False,False,False
PRELID1,0.027046414092183113,False,False,False
PRELID3B,0.015180299989879131,False,False,False
PRIM1,0.014501180499792099,False,False,False
PRIM2,0.01366692129522562,False,False,False
PRKCA,0.03419353812932968,False,False,False
PRKRA,-0.0025281887501478195,False,False,False
PRMT1,0.030744023621082306,False,False,False
PRMT5,0.015368642285466194,False,False,False
PRORP,0.021670009940862656,False,False,False
PRPF18,0.013989485800266266,False,False,False
PRPF19,0.015039329417049885,False,False,False
PRPF3,0.018995264545083046,False,False,False
PRPF31,0.015973860397934914,False,False,False
PRPF38A,0.02106461487710476,False,False,False
PRPF39,0.020831812173128128,False,False,False
PRPF4,0.013226442970335484,False,False,False
PRPF40A,0.023593900725245476,False,False,False
PRPF4B,0.022935302928090096,False,False,False
PRPF8,0.014330778270959854,False,False,False
PRRC2A,0.01470035407692194,False,False,False
PRXL2A,0.018105272203683853,False,False,False
PSAT1,0.019030138850212097,False,False,False
PSMA3,0.029281066730618477,False,False,False
PSMA4,0.025916777551174164,False,False,False
PSMB1,0.010955958627164364,False,False,False
PSMB2,0.02454572170972824,False,False,False
PSMB3,0.028508314862847328,False,False,False
PSMB5,0.020570211112499237,False,False,False
PSMB6,0.02708061784505844,False,False,False
PSMC1,0.019608989357948303,False,False,False
PSMC2,0.014253689907491207,False,False,False
PSMC3,0.05313926562666893,False,False,False
PSMC4,0.0442151315510273,False,False,False
PSMC5,0.02128181792795658,False,False,False
PSMD11,0.01847952976822853,False,False,False
PSMD13,0.024596454575657845,False,False,False
PSMD14,0.011584513820707798,False,False,False
PSMD2,0.03730747848749161,False,False,False
PSMD4,0.031169768422842026,False,False,False
PSMD9,0.02111479640007019,False,False,False
PSME1,0.016730917617678642,False,False,False
PSME2,0.022213002666831017,False,False,False
PSMG1,0.022936969995498657,False,False,False
PSMG2,0.019873082637786865,False,False,False
PSMG3,0.006422898266464472,False,False,False
PSMG4,0.03141672909259796,False,False,False
PSTK,0.020948931574821472,False,False,False
PTBP1,0.03308871388435364,False,False,False
PTCD1,0.019649771973490715,False,False,False
PTCD3,0.024739142507314682,False,False,False
PTEN,0.022601129487156868,False,False,False
PTGR2,0.034045007079839706,False,False,False
PTK2,0.009226188063621521,False,False,False
PTMA,0.01643279567360878,False,False,False
PTPMT1,0.022993866354227066,False,False,False
PTPN1,0.00654727453365922,False,False,False
PTPN11,0.023356689140200615,False,False,False
PTPN23,0.02062894031405449,False,False,False
PUF60,0.025587528944015503,False,False,False
PUM1,0.01161971315741539,False,False,False
PWP1,0.01725292205810547,False,False,False
PXN,0.022113217040896416,False,False,False
PYROXD1,0.017023874446749687,False,False,False
PYURF,0.021376486867666245,False,False,False
QARS,0.01909126341342926,False,False,False
QRSL1,0.019388867542147636,False,False,False
RAB18,0.015360505320131779,False,False,False
RAB4A,0.007884562015533447,False,False,False
RAB4B,0.01684173196554184,False,False,False
RAB6A,0.011687913909554482,False,False,False
RABGGTA,0.026224875822663307,False,False,False
RABGGTB,0.02865406684577465,False,False,False
RAC1,0.029962671920657158,False,False,False
RAC3,0.019326580688357353,False,False,False
RACGAP1,0.019477326422929764,False,False,False
RACK1,0.024744024500250816,False,False,False
RAD17,0.01548759639263153,False,False,False
RAD21,0.005773195996880531,False,False,False
RAD51,0.018604636192321777,False,False,False
RAD51C,0.01716974750161171,False,False,False
RAD51D,0.01932581514120102,False,False,False
RAD9A,0.02135450392961502,False,False,False
RAE1,0.021852094680070877,False,False,False
RAMAC,0.016967201605439186,False,False,False
RAN,0.021834423765540123,False,False,False
RANBP2,0.017244255170226097,False,False,False
RANGAP1,0.02458425983786583,False,False,False
RARS,0.018982723355293274,False,False,False
RARS2,0.012856540270149708,False,False,False
RBBP4,0.008200555108487606,False,False,False
RBBP5,0.019038546830415726,False,False,False
RBBP6,0.016394104808568954,False,False,False
RBBP8,0.02006605453789234,False,False,False
RBM10,0.006994305178523064,False,False,False
RBM12,0.0310521200299263,False,False,False
RBM14,-0.0014664921909570694,False,False,False
RBM15,0.017891759052872658,False,False,False
RBM17,0.014458214864134789,False,False,False
RBM19,0.02493979036808014,False,False,False
RBM25,0.019494732841849327,False,False,False
RBM28,0.023671969771385193,False,False,False
RBM33,0.0197489932179451,False,False,False
RBM39,0.017020463943481445,False,False,False
RBM4,0.017457667738199234,False,False,False
RBM42,0.010486820712685585,False,False,False
RBM48,0.0009510479867458344,False,False,False
RBMX,0.011328388005495071,False,False,False
RBMX2,0.0,False,False,False
RBMXL1,0.02088848128914833,False,False,False
RBX1,0.02058415114879608,False,False,False
RCC1,0.015600042417645454,False,False,False
RCCD1,0.018844297155737877,False,False,False
RCL1,0.023008473217487335,False,False,False
RCOR1,0.023073554039001465,False,False,False
RELL2,0.012358911335468292,False,False,False
REV3L,0.011116154491901398,False,False,False
REXO2,0.014184890314936638,False,False,False
RFC2,0.02622130513191223,False,False,False
RFC3,0.022704053670167923,False,False,False
RFC4,0.023311151191592216,False,False,False
RFC5,0.025816697627305984,False,False,False
RFT1,0.013759351335465908,False,False,False
RHOQ,0.01853640004992485,False,False,False
RHPN1,0.017745066434144974,False,False,False
RINT1,0.019741976633667946,False,False,False
RIOK1,0.023338334634900093,False,False,False
RIOK2,0.02519206888973713,False,False,False
RMI1,0.017359554767608643,False,False,False
RNASEH2C,0.021714093163609505,False,False,False
RNF103,0.017510611563920975,False,False,False
RNF113A,0.021650874987244606,False,False,False
RNF123,0.01940903067588806,False,False,False
RNF14,0.018537191674113274,False,False,False
RNF168,0.017227917909622192,False,False,False
RNF20,0.038715194910764694,False,False,False
RNF31,0.02202337235212326,False,False,False
RNF40,0.03185507655143738,False,False,False
RNF8,0.0189790241420269,False,False,False
RNGTT,0.027348555624485016,False,False,False
RNMT,0.020088471472263336,False,False,False
RNPC3,0.01824095845222473,False,False,False
ROMO1,0.010830165818333626,False,False,False
RPA1,0.023695822805166245,False,False,False
RPA2,0.025403816252946854,False,False,False
RPA3,0.022768672555685043,False,False,False
RPAIN,0.021722394973039627,False,False,False
RPAP1,0.022431544959545135,False,False,False
RPAP2,0.013185369782149792,False,False,False
RPAP3,0.021552614867687225,False,False,False
RPE,0.016458194702863693,False,False,False
RPF1,0.019038677215576172,False,False,False
RPF2,0.01994006708264351,False,False,False
RPIA,0.018187573179602623,False,False,False
RPL10,0.01510219182819128,False,False,True
RPL10A,0.025102045387029648,False,False,False
RPL11,0.02505754865705967,False,False,False
RPL12,0.025906061753630638,False,False,True
RPL13,0.023301169276237488,False,False,False
RPL14,0.022465825080871582,False,False,False
RPL15,0.02443682961165905,False,False,False
RPL17,0.016301229596138,False,False,False
RPL18,0.022445837035775185,False,False,False
RPL18A,0.021856160834431648,False,False,False
RPL19,0.02371232584118843,False,False,False
RPL23,0.020292116329073906,False,False,False
RPL23A,0.023161761462688446,False,False,False
RPL24,0.02088123932480812,False,False,False
RPL26,0.014047062024474144,False,False,False
RPL26L1,0.02087271586060524,False,False,False
RPL27,0.023132098838686943,False,False,False
RPL27A,0.020457839593291283,False,False,False
RPL28,0.017430339008569717,False,False,False
RPL29,0.017454735934734344,False,False,False
RPL30,0.021529963240027428,False,False,False
RPL31,0.022009512409567833,False,False,False
RPL32,0.02173357643187046,False,False,False
RPL34,0.023458227515220642,False,False,False
RPL35,0.022540301084518433,False,False,False
RPL35A,0.024860704317688942,False,False,False
RPL36,0.01990766078233719,False,False,False
RPL36A,0.024063847959041595,False,False,False
RPL36AL,0.014782968908548355,False,False,False
RPL37,0.02259165607392788,False,False,False
RPL37A,0.015410654246807098,False,False,False
RPL38,0.02390144020318985,False,False,False
RPL39,0.018842846155166626,False,False,False
RPL4,0.01839451491832733,False,False,False
RPL41,0.022097695618867874,False,False,False
RPL5,0.018792692571878433,False,False,False
RPL6,0.02215464413166046,False,False,False
RPL7,0.019142281264066696,False,False,False
RPL7L1,0.01882946863770485,False,False,False
RPL8,0.011121964082121849,False,False,False
RPL9,0.02573709934949875,False,False,False
RPLP0,0.020958486944437027,False,False,False
RPLP2,0.020180709660053253,False,False,False
RPN1,0.025091730058193207,False,False,False
RPN2,0.021012555807828903,False,False,False
RPP14,0.02295941673219204,False,False,False
RPP21,0.017704501748085022,False,False,False
RPP30,0.025111176073551178,False,False,False
RPP38,0.02123379334807396,False,False,False
RPP40,0.025039782747626305,False,False,False
RPRD1B,0.021455591544508934,False,False,False
RPS10,0.025178633630275726,False,False,False
RPS11,0.01882142759859562,False,False,False
RPS12,0.027528714388608932,False,False,False
RPS13,0.013759437017142773,False,False,False
RPS14,0.03274761140346527,False,False,False
RPS15,0.02284536138176918,False,False,False
RPS15A,0.022357817739248276,False,False,False
RPS16,0.0284188874065876,False,False,False
RPS17,0.025598444044589996,False,False,False
RPS18,0.027189623564481735,False,False,False
RPS19,0.024778906255960464,False,False,False
RPS19BP1,0.023387696593999863,False,False,False
RPS2,0.030207594856619835,False,False,False
RPS20,0.02647111378610134,False,False,False
RPS21,0.024883141741156578,False,False,False
RPS23,0.02640685625374317,False,False,False
RPS24,0.02515716478228569,False,False,False
RPS25,0.01919291913509369,False,False,False
RPS26,0.029804660007357597,False,False,False
RPS27,0.027198638767004013,False,False,False
RPS27A,0.026991799473762512,False,False,False
RPS28,0.029146617278456688,False,False,False
RPS3,0.026501083746552467,False,False,False
RPS3A,0.028983529657125473,False,False,False
RPS4X,0.025357238948345184,False,False,False
RPS5,0.03167623654007912,False,False,False
RPS6,0.01949886977672577,False,False,True
RPS7,0.021197151392698288,False,False,False
RPS8,0.022813213989138603,False,False,True
RPS9,0.025805853307247162,False,False,False
RPSA,0.03243505582213402,False,False,False
RPTOR,0.01854243502020836,False,False,False
RPUSD3,0.01733092963695526,False,False,False
RPUSD4,0.016137374565005302,False,False,False
RRM1,0.017841488122940063,False,False,False
RRM2,0.019080597907304764,False,False,False
RRN3,0.010637504979968071,False,False,False
RRP1,0.018016325309872627,False,False,False
RRP12,0.025058405473828316,False,False,False
RRP15,0.021322252228856087,False,False,False
RRP7A,0.024153031408786774,False,False,False
RRP9,0.024121249094605446,False,False,False
RRS1,0.020458661019802094,False,False,False
RSL24D1,0.022416502237319946,False,False,False
RSRC2,0.017785895615816116,False,False,False
RTCB,0.013962198980152607,False,False,False
RTEL1,0.020373191684484482,False,False,False
RTF1,0.011414412409067154,False,False,False
RTRAF,0.013113968074321747,False,False,False
RTTN,0.02124219760298729,False,False,False
RUVBL1,0.01902666687965393,False,False,False
RUVBL2,0.01926877535879612,False,False,False
S100A1,0.01689314842224121,False,False,False
SACM1L,0.017164137214422226,False,False,False
SAE1,0.015200314112007618,False,False,False
SAMD4B,0.007286848966032267,False,False,False
SAMM50,0.013430722989141941,False,False,False
SAP130,0.02112800069153309,False,False,False
SAP18,0.014224772341549397,False,False,False
SAP30BP,0.022138288244605064,False,False,False
SARNP,0.020923756062984467,False,False,False
SARS2,0.01733224093914032,False,False,False
SART1,0.025394532829523087,False,False,False
SART3,0.013133221305906773,False,False,False
SASS6,0.032483749091625214,False,False,False
SBDS,0.018278662115335464,False,False,False
SBNO1,0.020759249106049538,False,False,False
SCAF1,0.012214944697916508,False,False,False
SCAP,0.017999060451984406,False,False,False
SCD,0.010496181435883045,False,False,False
SCFD1,0.041266441345214844,False,False,False
SCNM1,0.016804810613393784,False,False,False
SDAD1,0.019832126796245575,False,False,False
SDC1,0.024502942338585854,False,False,False
SDE2,0.012170486152172089,False,False,False
SDHA,0.017130594700574875,False,False,False
SDHAF2,0.022905435413122177,False,False,False
SDHC,0.013643999584019184,False,False,False
SDR39U1,0.024754682555794716,False,False,False
SEC13,0.03201466053724289,False,False,False
SEC16A,0.01710754632949829,False,False,False
SEC61B,0.025150712579488754,False,False,False
SEC61G,0.026946919038891792,False,False,False
SEC62,0.022435348480939865,False,False,False
SEC63,0.00556924007833004,False,False,False
SEH1L,0.014515302143990993,False,False,False
SEM1,0.028328660875558853,False,False,False
SENP6,0.023806441575288773,False,False,False
SEPHS2,0.014844167977571487,False,False,False
SEPSECS,0.016312791034579277,False,False,False
SERBP1,0.016964998096227646,False,False,False
SERF2,0.01781560853123665,False,False,False
SERPINB1,0.01778373122215271,False,False,False
SET,0.017610177397727966,False,False,False
SETD1A,0.026998408138751984,False,False,False
SETD2,0.013543389737606049,False,False,False
SETD5,0.012198831886053085,False,False,False
SETDB1,0.016247674822807312,False,False,False
SETX,0.01972121186554432,False,False,False
SF3B2,0.025807304307818413,False,False,False
SF3B3,0.014610571786761284,False,False,False
SF3B4,0.01995539851486683,False,False,False
SF3B5,0.022807160392403603,False,False,False
SFPQ,0.01860908791422844,False,False,False
SFSWAP,0.01349002867937088,False,False,False
SGPP1,0.017812766134738922,False,False,False
SHC1,0.022664327174425125,False,False,False
SHOC2,0.01736493594944477,False,False,False
SHQ1,0.026427149772644043,False,False,False
SIRT7,0.018405379727482796,False,False,False
SKA1,0.015951428562402725,False,False,False
SKA3,0.01951575092971325,False,False,False
SKP1,0.01891559176146984,False,False,False
SKP2,0.021193241700530052,False,False,False
SLBP,0.013774529099464417,False,False,False
SLC16A5,0.020592276006937027,False,False,False
SLC1A5,0.020209960639476776,False,False,False
SLC25A3,0.020220234990119934,False,False,False
SLC25A42,0.019205980002880096,False,False,False
SLC2A8,0.011681918986141682,False,False,False
SLC35A4,0.026450006291270256,False,False,False
SLC35B1,0.02214857190847397,False,False,False
SLC35G2,0.02073143795132637,False,False,False
SLC39A10,0.02579699456691742,False,False,False
SLC39A7,0.024661336094141006,False,False,False
SLC39A9,0.021246660500764847,False,False,False
SLC7A5,0.020878970623016357,False,False,False
SLC7A6OS,0.04027513414621353,False,False,False
SLU7,0.016024241223931313,False,False,False
SMAGP,0.020626448094844818,False,False,False
SMARCC1,0.01798177883028984,False,False,False
SMARCE1,0.0,False,False,False
SMC1A,0.019622907042503357,False,False,False
SMC2,0.024235814809799194,False,False,False
SMC3,0.026110097765922546,False,False,False
SMC5,0.016097094863653183,False,False,False
SMC6,0.02192509174346924,False,False,False
SMG5,0.016073077917099,False,False,False
SMG6,0.014561780728399754,False,False,False
SMG7,0.015432028099894524,False,False,False
SMG8,0.015462221577763557,False,False,False
SMG9,0.007990160956978798,False,False,False
SMN2,0.014573722146451473,False,False,False
SMNDC1,0.026764309033751488,False,False,False
SMU1,0.009984102100133896,False,False,False
SMUG1,0.020978543907403946,False,False,False
SNAPC1,0.00787157192826271,False,False,False
SNAPC2,0.02748248539865017,False,False,False
SNAPC3,0.01358085684478283,False,False,False
SNAPC5,0.01498996838927269,False,False,False
SNF8,0.017071083188056946,False,False,False
SNIP1,0.02303461730480194,False,False,False
SNRNP200,0.01747802086174488,False,False,False
SNRNP25,0.012183804996311665,False,False,False
SNRNP27,0.03029715269804001,False,False,False
SNRNP35,0.0277373306453228,False,False,False
SNRNP40,0.02266858145594597,False,False,False
SNRNP48,0.033104464411735535,False,False,False
SNRNP70,0.023422617465257645,False,False,False
SNRPA,0.01573454774916172,False,False,False
SNRPA1,0.015139715746045113,False,False,False
SNRPB,0.020537691190838814,False,False,False
SNRPC,0.01079438254237175,False,False,False
SNRPD1,0.01980813406407833,False,False,False
SNRPD3,0.01738663576543331,False,False,False
SNRPE,0.018718289211392403,False,False,False
SNRPF,0.01686251536011696,False,False,False
SNRPG,0.019632238894701004,False,False,False
SNTB2,0.021792739629745483,False,False,False
SNUPN,0.020896894857287407,False,False,False
SNX15,0.022171515971422195,False,False,False
SOD1,0.018199987709522247,False,False,False
SOD2,0.015890691429376602,False,False,False
SP1,0.02152283862233162,False,False,False
SP2,0.013972444459795952,False,False,False
SPAG7,0.03863814100623131,False,False,False
SPATA5,0.024421248584985733,False,False,False
SPATA5L1,0.022814258933067322,False,False,False
SPC24,0.023912891745567322,False,False,False
SPC25,0.02454911731183529,False,False,False
SPCS2,0.02168649435043335,False,False,False
SPCS3,0.0255158469080925,False,False,False
SPDL1,0.014254700392484665,False,False,False
SPEN,0.02407393790781498,False,False,False
SPG7,0.021443355828523636,False,False,False
SPOUT1,0.02145296148955822,False,False,False
SPRTN,0.021362842991948128,False,False,False
SPTLC1,0.016745004802942276,False,False,False
SPTSSA,0.014393992722034454,False,False,False
SRA1,0.01989060640335083,False,False,False
SRBD1,0.04577166214585304,False,False,False
SRF,0.017627445980906487,False,False,False
SRFBP1,0.023646380752325058,False,False,False
SRP14,0.018920766189694405,False,False,False
SRP19,0.013125243596732616,False,False,False
SRP54,0.011633255518972874,True,False,False
SRP68,0.01566053181886673,False,False,False
SRP72,0.01719808205962181,False,False,False
SRP9,0.02154833823442459,False,False,False
SRPRB,0.013813679106533527,False,False,False
SRRM1,0.027885468676686287,False,False,False
SRRM2,0.015345308929681778,False,False,False
SRRT,0.0,False,False,False
SRSF1,0.024629414081573486,False,False,False
SRSF10,0.015575466677546501,False,False,False
SRSF6,0.019255777820944786,False,False,False
SRSF7,0.02571321465075016,False,False,False
SS18L2,0.021701371297240257,False,False,False
SSBP1,0.013657622039318085,False,False,False
SSBP3,0.021926961839199066,False,False,False
SSRP1,0.01561285462230444,False,False,False
SSU72,0.015088066458702087,False,False,False
STAG2,0.018343936651945114,False,False,False
STARD7,0.013167673721909523,False,False,False
STAT5A,0.020123908296227455,False,False,False
STAT5B,0.019606277346611023,False,False,False
STIL,0.015926506370306015,False,False,False
STRAP,0.020433470606803894,False,False,False
STRIP1,0.019842717796564102,False,False,False
STT3B,0.02108268439769745,False,False,False
STX18,0.024536073207855225,False,False,False
STX5,0.020932400599122047,False,False,False
STXBP4,0.015517129562795162,False,False,False
SUDS3,0.024085210636258125,False,False,False
SUGP1,0.018684154376387596,False,False,False
SUGT1,0.015963982790708542,False,False,False
SUMO2,0.02246885560452938,False,False,False
SUPT16H,0.022976236417889595,False,False,False
SUPT20H,0.012973671779036522,False,False,False
SUPT4H1,0.015979712828993797,False,False,False
SUPT5H,0.024102605879306793,False,False,False
SUPT6H,0.014353790320456028,False,False,False
SUPV3L1,0.023746497929096222,False,False,False
SURF6,0.02078230120241642,False,False,False
SYF2,0.012687438167631626,False,False,False
SYMPK,0.013920391909778118,False,False,False
SYS1,0.018675539642572403,False,False,False
TACC3,0.018361298367381096,False,False,False
TADA1,0.012138444930315018,False,False,False
TADA2A,0.017343947663903236,False,False,False
TADA2B,0.009650081396102905,False,False,False
TADA3,0.016195327043533325,False,False,False
TAF1,0.019814642146229744,False,False,False
TAF10,0.018637463450431824,False,False,False
TAF11,0.025983210653066635,False,False,False
TAF12,0.033111948519945145,False,False,False
TAF13,0.04933712258934975,False,False,False
TAF1A,0.02080615982413292,False,False,False
TAF1B,0.022596249356865883,False,False,False
TAF1C,0.017284877598285675,False,False,False
TAF1D,0.022424515336751938,False,False,False
TAF2,0.016478406265378,False,False,False
TAF3,0.0246994998306036,False,False,False
TAF5,0.023072384297847748,False,False,False
TAF6,0.028140868991613388,False,False,False
TAF6L,0.016719471663236618,False,False,False
TAF7,0.0,False,False,False
TAF8,0.03583010658621788,False,False,False
TAMM41,0.016890332102775574,False,False,False
TARDBP,0.01997331716120243,False,False,False
TARS,0.019862251356244087,False,False,False
TARS2,0.034336719661951065,False,False,False
TAZ,0.012093380093574524,False,False,False
TBCA,0.017921293154358864,False,False,False
TBCB,0.0038838889449834824,False,False,False
TBCC,0.014186715707182884,False,False,False
TBCD,0.020997412502765656,False,False,False
TBL3,0.02276432514190674,False,False,False
TBP,0.01793867163360119,False,False,False
TBPL1,0.007481771521270275,False,False,False
TCERG1,-0.0015025653410702944,False,False,False
TCOF1,0.025221846997737885,False,False,False
TCP1,0.03498389944434166,False,False,False
TEAD3,0.018110299482941628,False,False,False
TEFM,0.025374941527843475,False,False,False
TELO2,0.028337424620985985,False,False,False
TEN1,0.019692815840244293,False,False,False
TERF1,0.022415388375520706,False,False,False
TERF2,0.015379035845398903,False,False,False
TEX10,0.018960071727633476,False,False,False
TFAM,0.02087385207414627,False,False,False
TFB1M,0.01498215738683939,False,False,False
TFB2M,0.01942623034119606,False,False,False
TFDP1,0.01868421770632267,False,False,False
TFIP11,0.012675883248448372,False,False,False
TFRC,0.021530762314796448,False,False,False
TGS1,0.01690223067998886,False,False,False
THAP1,0.02219599485397339,False,False,False
THAP11,0.023125354200601578,False,False,False
THG1L,0.015975510701537132,False,False,False
THOC1,0.02947096712887287,False,False,False
THOC2,0.02526000887155533,False,False,False
THOC3,0.017601128667593002,False,False,False
THOC5,0.04565916955471039,False,False,False
THOC6,0.02145375683903694,False,False,False
THOC7,0.02901221066713333,False,False,False
THRAP3,0.0221700482070446,False,False,False
THUMPD1,0.021213140338659286,False,False,False
TICRR,0.021372240036725998,False,False,False
TIGD1,0.01939365640282631,False,False,False
TIMELESS,0.021809956058859825,False,False,False
TIMM10,0.022483978420495987,False,False,False
TIMM13,0.015540948137640953,False,False,False
TIMM22,0.025061126798391342,False,False,False
TIMM23B,0.01814594864845276,False,False,False
TIMM44,0.018214548006653786,False,False,False
TIMM8A,0.0212717242538929,False,False,False
TIMM9,0.0186095479875803,False,False,False
TINF2,0.021860163658857346,False,False,False
TIPIN,0.024442505091428757,False,False,False
TKT,0.013644850812852383,False,False,False
TLCD1,0.017473865300416946,False,False,False
TLN1,0.013042240403592587,False,False,False
TM7SF2,0.017138734459877014,False,False,False
TMA16,0.01656447723507881,False,False,False
TMED10,0.0211300328373909,False,False,False
TMED2,0.022884119302034378,False,False,False
TMEM127,0.022208252921700478,False,False,False
TMEM161B,0.016499504446983337,False,False,False
TMEM199,0.020086277276277542,False,False,False
TMEM214,0.03508574515581131,False,False,False
TMEM242,0.018599148839712143,False,False,False
TMEM258,0.018779564648866653,False,False,False
TMSB10,0.012972516939043999,False,False,False
TMX2,0.03035162016749382,False,False,False
TNPO3,0.017146028578281403,False,False,False
TNRC6A,0.03230678662657738,False,False,False
TOE1,0.014476808719336987,False,False,False
TOMM20,0.030969830229878426,False,False,False
TOMM22,0.021153636276721954,False,False,False
TOMM40,0.03005756437778473,False,False,False
TOP1,0.01987658441066742,False,False,False
TOP2A,0.01954434998333454,False,False,False
TOP3A,0.019903650507330894,False,False,False
TOPBP1,0.02471262589097023,False,False,False
TOR2A,0.017702441662549973,False,False,False
TOX4,0.019814610481262207,False,False,False
TP53I13,0.01660730503499508,False,False,False
TP53RK,0.0159708634018898,False,False,False
TPI1,0.01961665228009224,False,False,False
TPP2,0.02092965692281723,False,False,False
TPR,0.01798669807612896,False,False,False
TPRKB,0.013157015666365623,False,False,False
TPT1,0.01472285483032465,False,False,False
TPX2,0.019897336140275,False,False,False
TRA2B,0.01459791325032711,False,False,False
TRAIP,0.016827881336212158,False,False,False
TRAPPC1,0.020644161850214005,False,False,False
TRAPPC11,0.03234034776687622,False,False,False
TRAPPC3,0.02284945547580719,True,False,False
TRAPPC4,0.021072154864668846,False,False,False
TRAPPC5,0.025010738521814346,True,False,False
TRAPPC8,0.02250831574201584,False,False,False
TRIAP1,0.014188515953719616,False,False,False
TRMT10C,0.020890790969133377,False,False,False
TRMT112,0.028442654758691788,False,False,False
TRMT5,0.013253634795546532,False,False,False
TRMT6,0.016285285353660583,False,False,False
TRNP1,0.024658996611833572,False,False,False
TRNT1,0.015043370425701141,False,False,False
TRPM7,0.013972437009215355,False,False,False
TRRAP,0.00534358574077487,False,False,False
TSEN2,0.021524516865611076,False,False,False
TSEN34,0.02138049528002739,False,False,False
TSEN54,0.019318846985697746,False,False,False
TSFM,0.016724878922104836,False,False,False
TSG101,0.017983950674533844,False,False,False
TSPYL5,0.020913809537887573,False,False,False
TSR1,0.02670614793896675,False,False,False
TSR2,0.023665515705943108,False,False,False
TTC1,0.02542261779308319,False,False,False
TTC27,0.015786977484822273,False,False,False
TTC4,0.02034960687160492,False,False,False
TTF2,0.007067164871841669,False,False,False
TTI1,0.022074270993471146,False,False,False
TTI2,0.015311119146645069,False,False,False
TTK,0.013935577124357224,False,False,False
TUBA1B,0.016728054732084274,False,False,False
TUBA1C,0.019704516977071762,False,False,False
TUBB,0.019339414313435555,False,False,False
TUBB2A,0.013485020026564598,False,False,False
TUBD1,0.018691720440983772,False,False,False
TUBE1,0.019255049526691437,False,False,False
TUBG1,0.01305590569972992,False,False,False
TUBGCP2,0.03546665981411934,False,False,False
TUBGCP3,0.009905940853059292,False,False,False
TUBGCP4,0.017450522631406784,False,False,False
TUBGCP5,0.018401041626930237,False,False,False
TUBGCP6,0.016323942691087723,False,False,False
TUFM,0.017466776072978973,False,False,False
TVP23C,0.02127005346119404,False,False,False
TWF1,0.02103135734796524,False,False,False
TWISTNB,0.02064991369843483,False,False,False
TWNK,0.012474052608013153,False,False,False
TWSG1,0.030233249068260193,False,False,False
TXN,0.015473462641239166,False,False,False
TXNL4A,0.021500520408153534,False,False,False
TXNL4B,0.023708585649728775,False,False,False
TYK2,0.023698829114437103,False,False,False
U2SURP,0.01301400177180767,False,False,False
UBA1,0.018240777775645256,False,False,False
UBA2,0.01679951511323452,False,False,False
UBA3,0.017560821026563644,False,False,False
UBA5,0.018778853118419647,False,False,False
UBAP1,0.02569807507097721,False,False,False
UBE2D3,0.023485422134399414,False,False,False
UBE2H,0.02596033550798893,False,False,False
UBE2I,0.030549267306923866,False,False,False
UBE2L3,0.018818838521838188,False,False,False
UBE2M,0.022003725171089172,False,False,False
UBE2N,0.02191891148686409,False,False,False
UBE2Z,0.005700083915144205,False,False,False
UBE3C,0.012238811701536179,False,False,False
UBE3D,0.015993136912584305,False,False,False
UBL5,0.021433409303426743,False,False,False
UBQLN4,0.022814292460680008,False,False,False
UBR4,0.02699533849954605,False,False,False
UBR5,0.01590372808277607,False,False,False
UCHL5,0.01863294281065464,False,False,False
UFL1,0.01563643105328083,False,False,False
UFM1,0.016294915229082108,False,False,False
UHRF1,0.024249805137515068,False,False,False
UMPS,0.017756380140781403,False,False,False
UNC50,0.01912352256476879,False,False,False
UPF1,0.020692026242613792,False,False,False
UPF2,0.008228465914726257,False,False,False
UPF3A,0.024678222835063934,False,False,False
UQCC2,0.04892518371343613,False,False,False
UQCRB,0.020120199769735336,False,False,False
UQCRC2,0.01682887226343155,False,False,False
UQCRFS1,0.03641633689403534,False,False,False
UQCRH,0.01956857368350029,False,False,False
UQCRQ,0.020674921572208405,False,False,False
URB1,0.02057631127536297,False,False,False
URB2,0.019903957843780518,False,False,False
URI1,0.016749292612075806,False,False,False
URM1,0.016881683841347694,False,False,False
UROD,0.021154090762138367,False,False,False
USF2,0.03162701055407524,False,False,False
USP10,0.030532220378518105,False,False,False
USP14,0.02108687534928322,False,False,False
USP19,0.016698963940143585,False,False,False
USP36,0.021811287850141525,False,False,False
USP37,0.022787868976593018,False,False,False
USP5,0.023213475942611694,False,False,False
USP8,0.014253765344619751,False,False,False
USP9X,0.017670385539531708,False,False,False
USPL1,0.015209831297397614,False,False,False
UTP11,0.023424720391631126,False,False,False
UTP15,0.019150400534272194,False,False,False
UTP18,0.033904705196619034,False,False,False
UTP20,0.025484422221779823,False,False,False
UTP23,0.025476163253188133,False,False,False
UTP25,0.020431790500879288,False,False,False
UTP3,0.02330716885626316,False,False,False
UTP6,0.018886152654886246,False,False,False
UXS1,0.020412158221006393,False,False,False
UXT,0.01562916301190853,False,False,False
VARS,0.024480007588863373,False,False,False
VARS2,0.014326253905892372,False,False,False
VBP1,0.01875501312315464,False,False,False
VEZT,0.028812453150749207,False,False,False
VHL,0.020279720425605774,False,False,False
VMP1,0.006812279112637043,False,False,False
VPS13D,0.013611435890197754,False,False,False
VPS18,0.0190034918487072,False,False,False
VPS25,0.008150497451424599,False,False,False
VPS28,0.031604524701833725,False,False,False
VPS29,0.01532658003270626,False,False,False
VPS33A,0.015568220056593418,False,False,False
VPS35,0.02293969690799713,False,False,False
VPS37A,0.02703351154923439,False,False,False
VPS37C,0.02017199620604515,False,False,False
VPS41,0.01712571457028389,False,False,False
VPS51,0.02113015577197075,False,False,False
VPS54,0.01976499706506729,False,False,False
VPS72,0.01286806259304285,False,False,False
WAC,0.03749237582087517,False,False,False
WARS,0.016085214912891388,False,False,False
WBP1,0.015652822330594063,False,False,False
WBP1L,0.020063601434230804,False,False,False
WDFY3,0.016429690644145012,False,False,False
WDHD1,0.017289789393544197,False,False,False
WDR1,0.025604456663131714,False,False,False
WDR12,0.018477585166692734,False,False,False
WDR18,0.019012853503227234,False,False,False
WDR25,0.01632002368569374,False,False,False
WDR26,0.021717369556427002,False,False,False
WDR3,0.022802062332630157,False,False,False
WDR33,0.02835746668279171,False,False,False
WDR36,0.023631060495972633,False,False,False
WDR4,0.015317155048251152,False,False,False
WDR43,0.010404652915894985,False,False,False
WDR44,0.01857971027493477,False,False,False
WDR46,0.0244352575391531,False,False,False
WDR5,0.02284916490316391,False,False,False
WDR54,0.023560557514429092,False,False,False
WDR55,0.01701214909553528,False,False,False
WDR61,0.017871709540486336,False,False,False
WDR7,0.03209514915943146,False,False,False
WDR70,0.01804165355861187,False,False,False
WDR75,0.019334852695465088,False,False,False
WDR77,0.01779140904545784,False,False,False
WDR82,0.016980813816189766,False,False,False
WDR83OS,0.02121403068304062,False,False,False
WDR92,0.02755480259656906,False,False,False
WDTC1,0.01898821070790291,False,False,False
WEE1,0.03457241505384445,False,False,False
WNK1,0.02455011196434498,False,False,False
WTAP,0.024988384917378426,False,False,False
XPO1,0.022124875336885452,False,False,False
XPO5,0.026459429413080215,False,False,False
XRCC1,0.01894710399210453,False,False,False
XRCC2,0.01854713261127472,False,False,False
XRCC3,0.03005293942987919,False,False,False
XRCC5,0.0201983954757452,False,False,False
XRCC6,0.01964450627565384,False,False,False
XRN1,0.029115386307239532,False,False,False
XRN2,0.015455460175871849,False,False,False
YARS,0.018615692853927612,False,False,False
YARS2,0.01350589469075203,False,False,False
YBX1,0.014043139293789864,False,False,False
YBX3,0.02231132984161377,False,False,False
YEATS2,0.024406153708696365,False,False,False
YEATS4,0.017939236015081406,False,False,False
YKT6,0.020328626036643982,False,False,False
YPEL1,0.01430235430598259,False,False,False
YPEL5,0.019244670867919922,False,False,False
YRDC,0.020891498774290085,False,False,False
YTHDC1,0.02854897640645504,False,False,False
YY1,0.02163834497332573,False,False,False
ZBTB14,0.023313578218221664,False,False,False
ZBTB17,0.03337186574935913,False,False,False
ZBTB44,0.016751933842897415,False,False,False
ZC3H13,0.03463144600391388,False,False,False
ZC3H18,0.03269606828689575,False,False,False
ZC3H3,0.022697530686855316,False,False,False
ZC3H4,0.014093792997300625,False,False,False
ZC3H8,0.015490810386836529,False,False,False
ZCCHC9,0.0241306833922863,False,False,False
ZCRB1,0.015759317204356194,False,False,False
ZDHHC7,0.023835957050323486,False,False,False
ZFC3H1,0.02808992937207222,False,False,False
ZFP69B,0.014884084463119507,False,False,False
ZFR,0.06340044736862183,False,False,False
ZMAT2,0.01869482547044754,False,False,False
ZMAT5,0.029514921829104424,False,False,False
ZMYM4,0.018655452877283096,False,False,False
ZNF100,0.01556069403886795,False,False,False
ZNF143,0.013899119570851326,False,False,False
ZNF207,0.0,False,False,False
ZNF236,0.020185202360153198,False,False,False
ZNF24,0.018011808395385742,False,False,False
ZNF292,0.015071114525198936,False,False,False
ZNF317,0.03040412813425064,False,False,False
ZNF468,0.0187932550907135,False,False,False
ZNF559,0.017650384455919266,False,False,False
ZNF574,0.021285617724061012,False,False,False
ZNF706,0.019575834274291992,False,False,False
ZNF720,0.009302512742578983,False,False,False
ZNF787,0.02246423438191414,False,False,False
ZNF84,0.02412756159901619,False,False,False
ZNHIT1,0.01806509494781494,False,False,False
ZNHIT2,-0.04092710092663765,False,False,False
ZNHIT3,0.015222284011542797,False,False,False
ZNHIT6,0.022714054211974144,False,False,False
ZNRD1,0.022352300584316254,False,False,False
ZRANB2,0.012893641367554665,False,False,False
ZRSR2,0.020652225241065025,False,False,False
ZW10,0.018728971481323242,False,False,False
ZWINT,0.01827186904847622,False,False,False
non-targeting,0.019609691575169563,False,False,False
